{
  "arrow-alt-down": {
    "changes": [
      "5.0.0",
      "5.10.1",
      "5.11.0",
      "5.11.1"
    ],
    "ligatures": [],
    "search": {
      "terms": [
        "download"
      ]
    },
    "styles": [
      "duotone",
      "regular"
    ],
    "unicode": "f354",
    "label": "Alternate Arrow Down",
    "voted": false,
    "svg": {
      "duotone": {
        "last_modified": 1568845696000,
        "raw": "<svg xmlns=\"http://www.w3.org/2000/svg\" viewBox=\"0 0 448 512\"><defs><style>.fa-secondary{opacity:.4}</style></defs><path d=\"M288,56V256H159.88V56a24,24,0,0,1,24-24H264A24,24,0,0,1,288,56Z\" class=\"fa-secondary\"/><path d=\"M408.93,297,241,473a24.09,24.09,0,0,1-34,0L39.07,297c-15.11-15.09-4.4-41,17-41H391.93C413.35,256,424,281.76,408.93,297Z\" class=\"fa-primary\"/></svg>",
        "viewBox": [
          "0",
          "0",
          "448",
          "512"
        ],
        "width": 448,
        "height": 512,
        "path": [
          "M288,56V256H159.88V56a24,24,0,0,1,24-24H264A24,24,0,0,1,288,56Z",
          "M408.93,297,241,473a24.09,24.09,0,0,1-34,0L39.07,297c-15.11-15.09-4.4-41,17-41H391.93C413.35,256,424,281.76,408.93,297Z"
        ]
      },
      "regular": {
        "last_modified": 1546440861000,
        "raw": "<svg xmlns=\"http://www.w3.org/2000/svg\" viewBox=\"0 0 448 512\"><path d=\"M400 208h-73.8V80c0-26.5-21.5-48-48-48H169.8c-26.5 0-48 21.5-48 48v128H48.1c-42.6 0-64.2 51.7-33.9 81.9l175.9 176c18.7 18.7 49.1 18.7 67.9 0l176-176c30-30.1 8.7-81.9-34-81.9zM224 432L48 256h121.8V80h108.3v176H400L224 432z\"/></svg>",
        "viewBox": [
          "0",
          "0",
          "448",
          "512"
        ],
        "width": 448,
        "height": 512,
        "path": "M400 208h-73.8V80c0-26.5-21.5-48-48-48H169.8c-26.5 0-48 21.5-48 48v128H48.1c-42.6 0-64.2 51.7-33.9 81.9l175.9 176c18.7 18.7 49.1 18.7 67.9 0l176-176c30-30.1 8.7-81.9-34-81.9zM224 432L48 256h121.8V80h108.3v176H400L224 432z"
      }
    },
    "free": []
  },
  "arrow-alt-up": {
    "changes": [
      "5.0.0",
      "5.10.1",
      "5.11.0",
      "5.11.1"
    ],
    "ligatures": [],
    "search": {
      "terms": [
        "upload"
      ]
    },
    "styles": [
      "duotone",
      "regular"
    ],
    "unicode": "f357",
    "label": "Alternate Arrow Up",
    "voted": false,
    "svg": {
      "duotone": {
        "last_modified": 1568845696000,
        "raw": "<svg xmlns=\"http://www.w3.org/2000/svg\" viewBox=\"0 0 448 512\"><defs><style>.fa-secondary{opacity:.4}</style></defs><path d=\"M160,456V256H288.11V456a24,24,0,0,1-24,24H184A24,24,0,0,1,160,456Z\" class=\"fa-secondary\"/><path d=\"M39.05,215,207,39a24.08,24.08,0,0,1,34,0L408.92,215c15.11,15.09,4.4,41-17,41H56.05C34.63,256,24,230.3,39.05,215Z\" class=\"fa-primary\"/></svg>",
        "viewBox": [
          "0",
          "0",
          "448",
          "512"
        ],
        "width": 448,
        "height": 512,
        "path": [
          "M160,456V256H288.11V456a24,24,0,0,1-24,24H184A24,24,0,0,1,160,456Z",
          "M39.05,215,207,39a24.08,24.08,0,0,1,34,0L408.92,215c15.11,15.09,4.4,41-17,41H56.05C34.63,256,24,230.3,39.05,215Z"
        ]
      },
      "regular": {
        "last_modified": 1546440861000,
        "raw": "<svg xmlns=\"http://www.w3.org/2000/svg\" viewBox=\"0 0 448 512\"><path d=\"M48.048 304h73.798v128c0 26.51 21.49 48 48 48h108.308c26.51 0 48-21.49 48-48V304h73.789c42.638 0 64.151-51.731 33.941-81.941l-175.943-176c-18.745-18.745-49.137-18.746-67.882 0l-175.952 176C-16.042 252.208 5.325 304 48.048 304zM224 80l176 176H278.154v176H169.846V256H48L224 80z\"/></svg>",
        "viewBox": [
          "0",
          "0",
          "448",
          "512"
        ],
        "width": 448,
        "height": 512,
        "path": "M48.048 304h73.798v128c0 26.51 21.49 48 48 48h108.308c26.51 0 48-21.49 48-48V304h73.789c42.638 0 64.151-51.731 33.941-81.941l-175.943-176c-18.745-18.745-49.137-18.746-67.882 0l-175.952 176C-16.042 252.208 5.325 304 48.048 304zM224 80l176 176H278.154v176H169.846V256H48L224 80z"
      }
    },
    "free": []
  },
  "ban": {
    "changes": [
      "1",
      "5.0.0"
    ],
    "ligatures": [],
    "search": {
      "terms": [
        "abort",
        "ban",
        "block",
        "cancel",
        "delete",
        "hide",
        "prohibit",
        "remove",
        "stop",
        "trash"
      ]
    },
    "styles": [
      "solid"
    ],
    "unicode": "f05e",
    "label": "ban",
    "voted": false,
    "svg": {
      "solid": {
        "last_modified": 1546440861000,
        "raw": "<svg xmlns=\"http://www.w3.org/2000/svg\" viewBox=\"0 0 512 512\"><path d=\"M256 8C119.034 8 8 119.033 8 256s111.034 248 248 248 248-111.034 248-248S392.967 8 256 8zm130.108 117.892c65.448 65.448 70 165.481 20.677 235.637L150.47 105.216c70.204-49.356 170.226-44.735 235.638 20.676zM125.892 386.108c-65.448-65.448-70-165.481-20.677-235.637L361.53 406.784c-70.203 49.356-170.226 44.736-235.638-20.676z\"/></svg>",
        "viewBox": [
          "0",
          "0",
          "512",
          "512"
        ],
        "width": 512,
        "height": 512,
        "path": "M256 8C119.034 8 8 119.033 8 256s111.034 248 248 248 248-111.034 248-248S392.967 8 256 8zm130.108 117.892c65.448 65.448 70 165.481 20.677 235.637L150.47 105.216c70.204-49.356 170.226-44.735 235.638 20.676zM125.892 386.108c-65.448-65.448-70-165.481-20.677-235.637L361.53 406.784c-70.203 49.356-170.226 44.736-235.638-20.676z"
      }
    },
    "free": [
      "solid"
    ]
  },
  "bus": {
    "changes": [
      "4.2",
      "5.0.0",
      "5.1.0"
    ],
    "ligatures": [],
    "search": {
      "terms": [
        "public transportation",
        "transportation",
        "travel",
        "vehicle"
      ]
    },
    "styles": [
      "duotone"
    ],
    "unicode": "f207",
    "label": "Bus",
    "voted": false,
    "svg": {
      "duotone": {
        "last_modified": 1568845464000,
        "raw": "<svg xmlns=\"http://www.w3.org/2000/svg\" viewBox=\"0 0 512 512\"><defs><style>.fa-secondary{opacity:.4}</style></defs><path d=\"M352 448v32a32 32 0 0 0 32 32h32a32 32 0 0 0 32-32v-32zM64 480a32 32 0 0 0 32 32h32a32 32 0 0 0 32-32v-32H64zm64-192h256a32 32 0 0 0 32-32V128a32 32 0 0 0-32-32H128a32 32 0 0 0-32 32v128a32 32 0 0 0 32 32z\" class=\"fa-secondary\"/><path d=\"M488 128h-8V80c0-44.8-99.2-80-224-80S32 35.2 32 80v48h-8a24 24 0 0 0-24 24v80a24 24 0 0 0 24 24h8v160a32 32 0 0 0 32 32h384a32 32 0 0 0 32-32V256h8a24 24 0 0 0 24-24v-80a24 24 0 0 0-24-24zm-392 0a32 32 0 0 1 32-32h256a32 32 0 0 1 32 32v128a32 32 0 0 1-32 32H128a32 32 0 0 1-32-32zm16 272a32 32 0 1 1 32-32 32 32 0 0 1-32 32zm288 0a32 32 0 1 1 32-32 32 32 0 0 1-32 32z\" class=\"fa-primary\"/></svg>",
        "viewBox": [
          "0",
          "0",
          "512",
          "512"
        ],
        "width": 512,
        "height": 512,
        "path": [
          "M352 448v32a32 32 0 0 0 32 32h32a32 32 0 0 0 32-32v-32zM64 480a32 32 0 0 0 32 32h32a32 32 0 0 0 32-32v-32H64zm64-192h256a32 32 0 0 0 32-32V128a32 32 0 0 0-32-32H128a32 32 0 0 0-32 32v128a32 32 0 0 0 32 32z",
          "M488 128h-8V80c0-44.8-99.2-80-224-80S32 35.2 32 80v48h-8a24 24 0 0 0-24 24v80a24 24 0 0 0 24 24h8v160a32 32 0 0 0 32 32h384a32 32 0 0 0 32-32V256h8a24 24 0 0 0 24-24v-80a24 24 0 0 0-24-24zm-392 0a32 32 0 0 1 32-32h256a32 32 0 0 1 32 32v128a32 32 0 0 1-32 32H128a32 32 0 0 1-32-32zm16 272a32 32 0 1 1 32-32 32 32 0 0 1-32 32zm288 0a32 32 0 1 1 32-32 32 32 0 0 1-32 32z"
        ]
      }
    },
    "free": [
      "solid"
    ]
  },
  "bus-alt": {
    "changes": [
      "5.1.0"
    ],
    "ligatures": [],
    "search": {
      "terms": [
        "mta",
        "public transportation",
        "transportation",
        "travel",
        "vehicle"
      ]
    },
    "styles": [
      "duotone"
    ],
    "unicode": "f55e",
    "label": "Bus Alt",
    "voted": false,
    "svg": {
      "duotone": {
        "last_modified": 1568845464000,
        "raw": "<svg xmlns=\"http://www.w3.org/2000/svg\" viewBox=\"0 0 512 512\"><defs><style>.fa-secondary{opacity:.4}</style></defs><path d=\"M96 160v96a32 32 0 0 0 32 32h112V128H128a32 32 0 0 0-32 32zm320 96v-96a32 32 0 0 0-32-32H272v160h112a32 32 0 0 0 32-32zM64 480a32 32 0 0 0 32 32h32a32 32 0 0 0 32-32v-32H64zm288-32v32a32 32 0 0 0 32 32h32a32 32 0 0 0 32-32v-32z\" class=\"fa-secondary\"/><path d=\"M488 128h-8V80c0-44.8-99.2-80-224-80S32 35.2 32 80v48h-8a24 24 0 0 0-24 24v80a24 24 0 0 0 24 24h8v160a32 32 0 0 0 32 32h384a32 32 0 0 0 32-32V256h8a24 24 0 0 0 24-24v-80a24 24 0 0 0-24-24zM112 400a32 32 0 1 1 32-32 32 32 0 0 1-32 32zm128-112H128a32 32 0 0 1-32-32v-96a32 32 0 0 1 32-32h112zM168 96a8 8 0 0 1-8-8V72a8 8 0 0 1 8-8h176a8 8 0 0 1 8 8v16a8 8 0 0 1-8 8H168zm104 32h112a32 32 0 0 1 32 32v96a32 32 0 0 1-32 32H272zm128 272a32 32 0 1 1 32-32 32 32 0 0 1-32 32z\" class=\"fa-primary\"/></svg>",
        "viewBox": [
          "0",
          "0",
          "512",
          "512"
        ],
        "width": 512,
        "height": 512,
        "path": [
          "M96 160v96a32 32 0 0 0 32 32h112V128H128a32 32 0 0 0-32 32zm320 96v-96a32 32 0 0 0-32-32H272v160h112a32 32 0 0 0 32-32zM64 480a32 32 0 0 0 32 32h32a32 32 0 0 0 32-32v-32H64zm288-32v32a32 32 0 0 0 32 32h32a32 32 0 0 0 32-32v-32z",
          "M488 128h-8V80c0-44.8-99.2-80-224-80S32 35.2 32 80v48h-8a24 24 0 0 0-24 24v80a24 24 0 0 0 24 24h8v160a32 32 0 0 0 32 32h384a32 32 0 0 0 32-32V256h8a24 24 0 0 0 24-24v-80a24 24 0 0 0-24-24zM112 400a32 32 0 1 1 32-32 32 32 0 0 1-32 32zm128-112H128a32 32 0 0 1-32-32v-96a32 32 0 0 1 32-32h112zM168 96a8 8 0 0 1-8-8V72a8 8 0 0 1 8-8h176a8 8 0 0 1 8 8v16a8 8 0 0 1-8 8H168zm104 32h112a32 32 0 0 1 32 32v96a32 32 0 0 1-32 32H272zm128 272a32 32 0 1 1 32-32 32 32 0 0 1-32 32z"
        ]
      }
    },
    "free": [
      "solid"
    ]
  },
  "car": {
    "changes": [
      "4.1",
      "5.0.0",
      "5.2.0"
    ],
    "ligatures": [],
    "search": {
      "terms": [
        "auto",
        "automobile",
        "sedan",
        "transportation",
        "travel",
        "vehicle"
      ]
    },
    "styles": [
      "duotone"
    ],
    "unicode": "f1b9",
    "label": "Car",
    "voted": false,
    "svg": {
      "duotone": {
        "last_modified": 1568845464000,
        "raw": "<svg xmlns=\"http://www.w3.org/2000/svg\" viewBox=\"0 0 512 512\"><defs><style>.fa-secondary{opacity:.4}</style></defs><path d=\"M319.5 128a48 48 0 0 1 44.57 30.17L384 208H128l19.93-49.83A48 48 0 0 1 192.5 128zM80 384a63.82 63.82 0 0 1-47.57-21.2A31.82 31.82 0 0 0 32 368v48a32 32 0 0 0 32 32h32a32 32 0 0 0 32-32v-32zm352 0h-48v32a32 32 0 0 0 32 32h32a32 32 0 0 0 32-32v-48a31.82 31.82 0 0 0-.43-5.2A63.82 63.82 0 0 1 432 384z\" class=\"fa-secondary\"/><path d=\"M500 176h-59.88l-16.64-41.6A111.43 111.43 0 0 0 319.5 64h-127a111.47 111.47 0 0 0-104 70.4L71.87 176H12A12 12 0 0 0 .37 190.91l6 24A12 12 0 0 0 18 224h20.08A63.55 63.55 0 0 0 16 272v48a64 64 0 0 0 64 64h352a64 64 0 0 0 64-64v-48a63.58 63.58 0 0 0-22.07-48H494a12 12 0 0 0 11.64-9.09l6-24A12 12 0 0 0 500 176zm-352.07-17.83A48 48 0 0 1 192.5 128h127a48 48 0 0 1 44.57 30.17L384 208H128zM96 256c19.2 0 48 28.71 48 47.85s-28.8 15.95-48 15.95-32-12.8-32-31.9S76.8 256 96 256zm272 47.85c0-19.14 28.8-47.85 48-47.85s32 12.76 32 31.9-12.8 31.9-32 31.9-48 3.2-48-15.95z\" class=\"fa-primary\"/></svg>",
        "viewBox": [
          "0",
          "0",
          "512",
          "512"
        ],
        "width": 512,
        "height": 512,
        "path": [
          "M319.5 128a48 48 0 0 1 44.57 30.17L384 208H128l19.93-49.83A48 48 0 0 1 192.5 128zM80 384a63.82 63.82 0 0 1-47.57-21.2A31.82 31.82 0 0 0 32 368v48a32 32 0 0 0 32 32h32a32 32 0 0 0 32-32v-32zm352 0h-48v32a32 32 0 0 0 32 32h32a32 32 0 0 0 32-32v-48a31.82 31.82 0 0 0-.43-5.2A63.82 63.82 0 0 1 432 384z",
          "M500 176h-59.88l-16.64-41.6A111.43 111.43 0 0 0 319.5 64h-127a111.47 111.47 0 0 0-104 70.4L71.87 176H12A12 12 0 0 0 .37 190.91l6 24A12 12 0 0 0 18 224h20.08A63.55 63.55 0 0 0 16 272v48a64 64 0 0 0 64 64h352a64 64 0 0 0 64-64v-48a63.58 63.58 0 0 0-22.07-48H494a12 12 0 0 0 11.64-9.09l6-24A12 12 0 0 0 500 176zm-352.07-17.83A48 48 0 0 1 192.5 128h127a48 48 0 0 1 44.57 30.17L384 208H128zM96 256c19.2 0 48 28.71 48 47.85s-28.8 15.95-48 15.95-32-12.8-32-31.9S76.8 256 96 256zm272 47.85c0-19.14 28.8-47.85 48-47.85s32 12.76 32 31.9-12.8 31.9-32 31.9-48 3.2-48-15.95z"
        ]
      }
    },
    "free": [
      "solid"
    ]
  },
  "car-side": {
    "changes": [
      "5.2.0"
    ],
    "ligatures": [],
    "search": {
      "terms": [
        "auto",
        "automobile",
        "sedan",
        "transportation",
        "travel",
        "vehicle"
      ]
    },
    "styles": [
      "duotone"
    ],
    "unicode": "f5e4",
    "label": "Car Side",
    "voted": false,
    "svg": {
      "duotone": {
        "last_modified": 1568845464000,
        "raw": "<svg xmlns=\"http://www.w3.org/2000/svg\" viewBox=\"0 0 640 512\"><defs><style>.fa-secondary{opacity:.4}</style></defs><path d=\"M144 320a80 80 0 1 0 80 80 80 80 0 0 0-80-80zm352 0a80 80 0 1 0 80 80 80 80 0 0 0-80-80zM369.24 96H280v96h166zm-252.31 96H232V96h-76.67z\" class=\"fa-secondary\"/><path d=\"M16 384h17.14a112 112 0 0 1 221.72 0h130.28a112 112 0 0 1 221.72 0H624a16 16 0 0 0 16-16v-80a96 96 0 0 0-96-96h-16L419.22 56a64 64 0 0 0-50-24H155.33a64 64 0 0 0-59.42 40.23L48 194.26A63.85 63.85 0 0 0 0 256v112a16 16 0 0 0 16 16zM280 96h89.24L446 192H280zm-124.67 0H232v96H116.93z\" class=\"fa-primary\"/></svg>",
        "viewBox": [
          "0",
          "0",
          "640",
          "512"
        ],
        "width": 640,
        "height": 512,
        "path": [
          "M144 320a80 80 0 1 0 80 80 80 80 0 0 0-80-80zm352 0a80 80 0 1 0 80 80 80 80 0 0 0-80-80zM369.24 96H280v96h166zm-252.31 96H232V96h-76.67z",
          "M16 384h17.14a112 112 0 0 1 221.72 0h130.28a112 112 0 0 1 221.72 0H624a16 16 0 0 0 16-16v-80a96 96 0 0 0-96-96h-16L419.22 56a64 64 0 0 0-50-24H155.33a64 64 0 0 0-59.42 40.23L48 194.26A63.85 63.85 0 0 0 0 256v112a16 16 0 0 0 16 16zM280 96h89.24L446 192H280zm-124.67 0H232v96H116.93z"
        ]
      }
    },
    "free": [
      "solid"
    ]
  },
  "check": {
    "changes": [
      "1",
      "5.0.0"
    ],
    "ligatures": [],
    "search": {
      "terms": [
        "accept",
        "agree",
        "checkmark",
        "confirm",
        "correct",
        "done",
        "notice",
        "notification",
        "notify",
        "ok",
        "select",
        "success",
        "tick",
        "todo",
        "yes"
      ]
    },
    "styles": [
      "solid"
    ],
    "unicode": "f00c",
    "label": "Check",
    "voted": false,
    "svg": {
      "solid": {
        "last_modified": 1546440861000,
        "raw": "<svg xmlns=\"http://www.w3.org/2000/svg\" viewBox=\"0 0 512 512\"><path d=\"M173.898 439.404l-166.4-166.4c-9.997-9.997-9.997-26.206 0-36.204l36.203-36.204c9.997-9.998 26.207-9.998 36.204 0L192 312.69 432.095 72.596c9.997-9.997 26.207-9.997 36.204 0l36.203 36.204c9.997 9.997 9.997 26.206 0 36.204l-294.4 294.401c-9.998 9.997-26.207 9.997-36.204-.001z\"/></svg>",
        "viewBox": [
          "0",
          "0",
          "512",
          "512"
        ],
        "width": 512,
        "height": 512,
        "path": "M173.898 439.404l-166.4-166.4c-9.997-9.997-9.997-26.206 0-36.204l36.203-36.204c9.997-9.998 26.207-9.998 36.204 0L192 312.69 432.095 72.596c9.997-9.997 26.207-9.997 36.204 0l36.203 36.204c9.997 9.997 9.997 26.206 0 36.204l-294.4 294.401c-9.998 9.997-26.207 9.997-36.204-.001z"
      }
    },
    "free": [
      "solid"
    ]
  },
  "circle": {
    "changes": [
      "3",
      "5.0.0",
      "5.10.1",
      "5.10.2"
    ],
    "ligatures": [],
    "search": {
      "terms": [
        "circle-thin",
        "diameter",
        "dot",
        "ellipse",
        "notification",
        "round"
      ]
    },
    "styles": [
      "duotone",
      "regular"
    ],
    "unicode": "f111",
    "label": "Circle",
    "voted": false,
    "svg": {
      "duotone": {
        "last_modified": 1568845464000,
        "raw": "<svg xmlns=\"http://www.w3.org/2000/svg\" viewBox=\"0 0 512 512\"><defs><style>.fa-secondary{opacity:.4}</style></defs><path d=\"M256 8C119 8 8 119 8 256s111 248 248 248 248-111 248-248S393 8 256 8zm0 424c-97.06 0-176-79-176-176S158.94 80 256 80s176 79 176 176-78.94 176-176 176z\" class=\"fa-secondary\"/><path d=\"M256 432c-97.06 0-176-79-176-176S158.94 80 256 80s176 79 176 176-78.94 176-176 176z\" class=\"fa-primary\"/></svg>",
        "viewBox": [
          "0",
          "0",
          "512",
          "512"
        ],
        "width": 512,
        "height": 512,
        "path": [
          "M256 8C119 8 8 119 8 256s111 248 248 248 248-111 248-248S393 8 256 8zm0 424c-97.06 0-176-79-176-176S158.94 80 256 80s176 79 176 176-78.94 176-176 176z",
          "M256 432c-97.06 0-176-79-176-176S158.94 80 256 80s176 79 176 176-78.94 176-176 176z"
        ]
      },
      "regular": {
        "last_modified": 1546440861000,
        "raw": "<svg xmlns=\"http://www.w3.org/2000/svg\" viewBox=\"0 0 512 512\"><path d=\"M256 8C119 8 8 119 8 256s111 248 248 248 248-111 248-248S393 8 256 8zm0 448c-110.5 0-200-89.5-200-200S145.5 56 256 56s200 89.5 200 200-89.5 200-200 200z\"/></svg>",
        "viewBox": [
          "0",
          "0",
          "512",
          "512"
        ],
        "width": 512,
        "height": 512,
        "path": "M256 8C119 8 8 119 8 256s111 248 248 248 248-111 248-248S393 8 256 8zm0 448c-110.5 0-200-89.5-200-200S145.5 56 256 56s200 89.5 200 200-89.5 200-200 200z"
      }
    },
    "free": [
      "solid",
      "regular"
    ]
  },
  "clock": {
    "changes": [
      "1",
      "5.0.0",
      "5.12.1"
    ],
    "ligatures": [],
    "search": {
      "terms": [
        "date",
        "late",
        "schedule",
        "time",
        "timer",
        "timestamp",
        "watch"
      ]
    },
    "styles": [
      "duotone"
    ],
    "unicode": "f017",
    "label": "Clock",
    "voted": false,
    "svg": {
      "duotone": {
        "last_modified": 1581349336000,
        "raw": "<svg xmlns=\"http://www.w3.org/2000/svg\" viewBox=\"0 0 512 512\"><defs><style>.fa-secondary{opacity:.4}</style></defs><path d=\"M256,8C119,8,8,119,8,256S119,504,256,504,504,393,504,256,393,8,256,8Zm92.49,313h0l-20,25a16,16,0,0,1-22.49,2.5h0l-67-49.72a40,40,0,0,1-15-31.23V112a16,16,0,0,1,16-16h32a16,16,0,0,1,16,16V256l58,42.5A16,16,0,0,1,348.49,321Z\" class=\"fa-secondary\"/><path d=\"M348.49,321h0l-20,25a16,16,0,0,1-22.49,2.5h0l-67-49.72a40,40,0,0,1-15-31.23V112a16,16,0,0,1,16-16h32a16,16,0,0,1,16,16V256l58,42.5A16,16,0,0,1,348.49,321Z\" class=\"fa-primary\"/></svg>",
        "viewBox": [
          "0",
          "0",
          "512",
          "512"
        ],
        "width": 512,
        "height": 512,
        "path": [
          "M256,8C119,8,8,119,8,256S119,504,256,504,504,393,504,256,393,8,256,8Zm92.49,313h0l-20,25a16,16,0,0,1-22.49,2.5h0l-67-49.72a40,40,0,0,1-15-31.23V112a16,16,0,0,1,16-16h32a16,16,0,0,1,16,16V256l58,42.5A16,16,0,0,1,348.49,321Z",
          "M348.49,321h0l-20,25a16,16,0,0,1-22.49,2.5h0l-67-49.72a40,40,0,0,1-15-31.23V112a16,16,0,0,1,16-16h32a16,16,0,0,1,16,16V256l58,42.5A16,16,0,0,1,348.49,321Z"
        ]
      }
    },
    "free": [
      "solid",
      "regular"
    ]
  },
  "edit": {
    "changes": [
      "1",
      "5.0.0"
    ],
    "ligatures": [],
    "search": {
      "terms": [
        "edit",
        "pen",
        "pencil",
        "update",
        "write"
      ]
    },
    "styles": [
      "solid",
      "duotone"
    ],
    "unicode": "f044",
    "label": "Edit",
    "voted": false,
    "svg": {
      "solid": {
        "last_modified": 1546440861000,
        "raw": "<svg xmlns=\"http://www.w3.org/2000/svg\" viewBox=\"0 0 576 512\"><path d=\"M402.6 83.2l90.2 90.2c3.8 3.8 3.8 10 0 13.8L274.4 405.6l-92.8 10.3c-12.4 1.4-22.9-9.1-21.5-21.5l10.3-92.8L388.8 83.2c3.8-3.8 10-3.8 13.8 0zm162-22.9l-48.8-48.8c-15.2-15.2-39.9-15.2-55.2 0l-35.4 35.4c-3.8 3.8-3.8 10 0 13.8l90.2 90.2c3.8 3.8 10 3.8 13.8 0l35.4-35.4c15.2-15.3 15.2-40 0-55.2zM384 346.2V448H64V128h229.8c3.2 0 6.2-1.3 8.5-3.5l40-40c7.6-7.6 2.2-20.5-8.5-20.5H48C21.5 64 0 85.5 0 112v352c0 26.5 21.5 48 48 48h352c26.5 0 48-21.5 48-48V306.2c0-10.7-12.9-16-20.5-8.5l-40 40c-2.2 2.3-3.5 5.3-3.5 8.5z\"/></svg>",
        "viewBox": [
          "0",
          "0",
          "576",
          "512"
        ],
        "width": 576,
        "height": 512,
        "path": "M402.6 83.2l90.2 90.2c3.8 3.8 3.8 10 0 13.8L274.4 405.6l-92.8 10.3c-12.4 1.4-22.9-9.1-21.5-21.5l10.3-92.8L388.8 83.2c3.8-3.8 10-3.8 13.8 0zm162-22.9l-48.8-48.8c-15.2-15.2-39.9-15.2-55.2 0l-35.4 35.4c-3.8 3.8-3.8 10 0 13.8l90.2 90.2c3.8 3.8 10 3.8 13.8 0l35.4-35.4c15.2-15.3 15.2-40 0-55.2zM384 346.2V448H64V128h229.8c3.2 0 6.2-1.3 8.5-3.5l40-40c7.6-7.6 2.2-20.5-8.5-20.5H48C21.5 64 0 85.5 0 112v352c0 26.5 21.5 48 48 48h352c26.5 0 48-21.5 48-48V306.2c0-10.7-12.9-16-20.5-8.5l-40 40c-2.2 2.3-3.5 5.3-3.5 8.5z"
      },
      "duotone": {
        "last_modified": 1568845464000,
        "raw": "<svg xmlns=\"http://www.w3.org/2000/svg\" viewBox=\"0 0 576 512\"><defs><style>.fa-secondary{opacity:.4}</style></defs><path d=\"M564.6 60.2l-48.8-48.8a39.11 39.11 0 0 0-55.2 0l-35.4 35.4a9.78 9.78 0 0 0 0 13.8l90.2 90.2a9.78 9.78 0 0 0 13.8 0l35.4-35.4a39.11 39.11 0 0 0 0-55.2zM427.5 297.6l-40 40a12.3 12.3 0 0 0-3.5 8.5v101.8H64v-320h229.8a12.3 12.3 0 0 0 8.5-3.5l40-40a12 12 0 0 0-8.5-20.5H48a48 48 0 0 0-48 48v352a48 48 0 0 0 48 48h352a48 48 0 0 0 48-48V306.1a12 12 0 0 0-20.5-8.5z\" class=\"fa-secondary\"/><path d=\"M492.8 173.3a9.78 9.78 0 0 1 0 13.8L274.4 405.5l-92.8 10.3a19.45 19.45 0 0 1-21.5-21.5l10.3-92.8L388.8 83.1a9.78 9.78 0 0 1 13.8 0z\" class=\"fa-primary\"/></svg>",
        "viewBox": [
          "0",
          "0",
          "576",
          "512"
        ],
        "width": 576,
        "height": 512,
        "path": [
          "M564.6 60.2l-48.8-48.8a39.11 39.11 0 0 0-55.2 0l-35.4 35.4a9.78 9.78 0 0 0 0 13.8l90.2 90.2a9.78 9.78 0 0 0 13.8 0l35.4-35.4a39.11 39.11 0 0 0 0-55.2zM427.5 297.6l-40 40a12.3 12.3 0 0 0-3.5 8.5v101.8H64v-320h229.8a12.3 12.3 0 0 0 8.5-3.5l40-40a12 12 0 0 0-8.5-20.5H48a48 48 0 0 0-48 48v352a48 48 0 0 0 48 48h352a48 48 0 0 0 48-48V306.1a12 12 0 0 0-20.5-8.5z",
          "M492.8 173.3a9.78 9.78 0 0 1 0 13.8L274.4 405.5l-92.8 10.3a19.45 19.45 0 0 1-21.5-21.5l10.3-92.8L388.8 83.1a9.78 9.78 0 0 1 13.8 0z"
        ]
      }
    },
    "free": [
      "solid",
      "regular"
    ]
  },
  "hand-holding": {
    "changes": [
      "5.0.9"
    ],
    "ligatures": [],
    "search": {
      "terms": [
        "carry",
        "lift"
      ]
    },
    "styles": [
      "solid"
    ],
    "unicode": "f4bd",
    "label": "Hand Holding",
    "voted": false,
    "svg": {
      "solid": {
        "last_modified": 1546440861000,
        "raw": "<svg xmlns=\"http://www.w3.org/2000/svg\" viewBox=\"0 0 576 512\"><path d=\"M565.3 328.1c-11.8-10.7-30.2-10-42.6 0L430.3 402c-11.3 9.1-25.4 14-40 14H272c-8.8 0-16-7.2-16-16s7.2-16 16-16h78.3c15.9 0 30.7-10.9 33.3-26.6 3.3-20-12.1-37.4-31.6-37.4H192c-27 0-53.1 9.3-74.1 26.3L71.4 384H16c-8.8 0-16 7.2-16 16v96c0 8.8 7.2 16 16 16h356.8c14.5 0 28.6-4.9 40-14L564 377c15.2-12.1 16.4-35.3 1.3-48.9z\"/></svg>",
        "viewBox": [
          "0",
          "0",
          "576",
          "512"
        ],
        "width": 576,
        "height": 512,
        "path": "M565.3 328.1c-11.8-10.7-30.2-10-42.6 0L430.3 402c-11.3 9.1-25.4 14-40 14H272c-8.8 0-16-7.2-16-16s7.2-16 16-16h78.3c15.9 0 30.7-10.9 33.3-26.6 3.3-20-12.1-37.4-31.6-37.4H192c-27 0-53.1 9.3-74.1 26.3L71.4 384H16c-8.8 0-16 7.2-16 16v96c0 8.8 7.2 16 16 16h356.8c14.5 0 28.6-4.9 40-14L564 377c15.2-12.1 16.4-35.3 1.3-48.9z"
      }
    },
    "free": [
      "solid"
    ]
  },
  "info-circle": {
    "changes": [
      "1",
      "5.0.0"
    ],
    "ligatures": [],
    "search": {
      "terms": [
        "details",
        "help",
        "information",
        "more",
        "support"
      ]
    },
    "styles": [
      "duotone"
    ],
    "unicode": "f05a",
    "label": "Info Circle",
    "voted": false,
    "svg": {
      "duotone": {
        "last_modified": 1568845464000,
        "raw": "<svg xmlns=\"http://www.w3.org/2000/svg\" viewBox=\"0 0 512 512\"><defs><style>.fa-secondary{opacity:.4}</style></defs><path d=\"M256 8C119 8 8 119.08 8 256s111 248 248 248 248-111 248-248S393 8 256 8zm0 110a42 42 0 1 1-42 42 42 42 0 0 1 42-42zm56 254a12 12 0 0 1-12 12h-88a12 12 0 0 1-12-12v-24a12 12 0 0 1 12-12h12v-64h-12a12 12 0 0 1-12-12v-24a12 12 0 0 1 12-12h64a12 12 0 0 1 12 12v100h12a12 12 0 0 1 12 12z\" class=\"fa-secondary\"/><path d=\"M256 202a42 42 0 1 0-42-42 42 42 0 0 0 42 42zm44 134h-12V236a12 12 0 0 0-12-12h-64a12 12 0 0 0-12 12v24a12 12 0 0 0 12 12h12v64h-12a12 12 0 0 0-12 12v24a12 12 0 0 0 12 12h88a12 12 0 0 0 12-12v-24a12 12 0 0 0-12-12z\" class=\"fa-primary\"/></svg>",
        "viewBox": [
          "0",
          "0",
          "512",
          "512"
        ],
        "width": 512,
        "height": 512,
        "path": [
          "M256 8C119 8 8 119.08 8 256s111 248 248 248 248-111 248-248S393 8 256 8zm0 110a42 42 0 1 1-42 42 42 42 0 0 1 42-42zm56 254a12 12 0 0 1-12 12h-88a12 12 0 0 1-12-12v-24a12 12 0 0 1 12-12h12v-64h-12a12 12 0 0 1-12-12v-24a12 12 0 0 1 12-12h64a12 12 0 0 1 12 12v100h12a12 12 0 0 1 12 12z",
          "M256 202a42 42 0 1 0-42-42 42 42 0 0 0 42 42zm44 134h-12V236a12 12 0 0 0-12-12h-64a12 12 0 0 0-12 12v24a12 12 0 0 0 12 12h12v64h-12a12 12 0 0 0-12 12v24a12 12 0 0 0 12 12h88a12 12 0 0 0 12-12v-24a12 12 0 0 0-12-12z"
        ]
      }
    },
    "free": [
      "solid"
    ]
  },
  "info-square": {
    "changes": [
      "5.0.0"
    ],
    "ligatures": [],
    "search": {
      "terms": [
        "details",
        "help",
        "information",
        "more",
        "support"
      ]
    },
    "styles": [
      "regular",
      "duotone"
    ],
    "unicode": "f30f",
    "label": "Info Square",
    "voted": false,
    "svg": {
      "regular": {
        "last_modified": 1546440861000,
        "raw": "<svg xmlns=\"http://www.w3.org/2000/svg\" viewBox=\"0 0 448 512\"><path d=\"M448 80v352c0 26.51-21.49 48-48 48H48c-26.51 0-48-21.49-48-48V80c0-26.51 21.49-48 48-48h352c26.51 0 48 21.49 48 48zm-48 346V86a6 6 0 0 0-6-6H54a6 6 0 0 0-6 6v340a6 6 0 0 0 6 6h340a6 6 0 0 0 6-6zM224 118c23.196 0 42 18.804 42 42s-18.804 42-42 42-42-18.804-42-42 18.804-42 42-42zm56 254c0 6.627-5.373 12-12 12h-88c-6.627 0-12-5.373-12-12v-24c0-6.627 5.373-12 12-12h12v-64h-12c-6.627 0-12-5.373-12-12v-24c0-6.627 5.373-12 12-12h64c6.627 0 12 5.373 12 12v100h12c6.627 0 12 5.373 12 12v24z\"/></svg>",
        "viewBox": [
          "0",
          "0",
          "448",
          "512"
        ],
        "width": 448,
        "height": 512,
        "path": "M448 80v352c0 26.51-21.49 48-48 48H48c-26.51 0-48-21.49-48-48V80c0-26.51 21.49-48 48-48h352c26.51 0 48 21.49 48 48zm-48 346V86a6 6 0 0 0-6-6H54a6 6 0 0 0-6 6v340a6 6 0 0 0 6 6h340a6 6 0 0 0 6-6zM224 118c23.196 0 42 18.804 42 42s-18.804 42-42 42-42-18.804-42-42 18.804-42 42-42zm56 254c0 6.627-5.373 12-12 12h-88c-6.627 0-12-5.373-12-12v-24c0-6.627 5.373-12 12-12h12v-64h-12c-6.627 0-12-5.373-12-12v-24c0-6.627 5.373-12 12-12h64c6.627 0 12 5.373 12 12v100h12c6.627 0 12 5.373 12 12v24z"
      },
      "duotone": {
        "last_modified": 1568845464000,
        "raw": "<svg xmlns=\"http://www.w3.org/2000/svg\" viewBox=\"0 0 448 512\"><defs><style>.fa-secondary{opacity:.4}</style></defs><path d=\"M400 32H48A48 48 0 0 0 0 80v352a48 48 0 0 0 48 48h352a48 48 0 0 0 48-48V80a48 48 0 0 0-48-48zm-176 86a42 42 0 1 1-42 42 42 42 0 0 1 42-42zm56 254a12 12 0 0 1-12 12h-88a12 12 0 0 1-12-12v-24a12 12 0 0 1 12-12h12v-64h-12a12 12 0 0 1-12-12v-24a12 12 0 0 1 12-12h64a12 12 0 0 1 12 12v100h12a12 12 0 0 1 12 12z\" class=\"fa-secondary\"/><path d=\"M224 202a42 42 0 1 0-42-42 42 42 0 0 0 42 42zm44 134h-12V236a12 12 0 0 0-12-12h-64a12 12 0 0 0-12 12v24a12 12 0 0 0 12 12h12v64h-12a12 12 0 0 0-12 12v24a12 12 0 0 0 12 12h88a12 12 0 0 0 12-12v-24a12 12 0 0 0-12-12z\" class=\"fa-primary\"/></svg>",
        "viewBox": [
          "0",
          "0",
          "448",
          "512"
        ],
        "width": 448,
        "height": 512,
        "path": [
          "M400 32H48A48 48 0 0 0 0 80v352a48 48 0 0 0 48 48h352a48 48 0 0 0 48-48V80a48 48 0 0 0-48-48zm-176 86a42 42 0 1 1-42 42 42 42 0 0 1 42-42zm56 254a12 12 0 0 1-12 12h-88a12 12 0 0 1-12-12v-24a12 12 0 0 1 12-12h12v-64h-12a12 12 0 0 1-12-12v-24a12 12 0 0 1 12-12h64a12 12 0 0 1 12 12v100h12a12 12 0 0 1 12 12z",
          "M224 202a42 42 0 1 0-42-42 42 42 0 0 0 42 42zm44 134h-12V236a12 12 0 0 0-12-12h-64a12 12 0 0 0-12 12v24a12 12 0 0 0 12 12h12v64h-12a12 12 0 0 0-12 12v24a12 12 0 0 0 12 12h88a12 12 0 0 0 12-12v-24a12 12 0 0 0-12-12z"
        ]
      }
    },
    "free": []
  },
  "long-arrow-down": {
    "changes": [
      "3.2",
      "5.0.0"
    ],
    "ligatures": [],
    "search": {
      "terms": [
        "download",
        "long-arrow-down"
      ]
    },
    "styles": [
      "regular"
    ],
    "unicode": "f175",
    "label": "Long Arrow Down",
    "voted": false,
    "svg": {
      "regular": {
        "last_modified": 1546440861000,
        "raw": "<svg xmlns=\"http://www.w3.org/2000/svg\" viewBox=\"0 0 320 512\"><path d=\"M300.3 327.5l-19.6-19.6c-4.8-4.8-12.5-4.7-17.1.2L186 388.8V44c0-6.6-5.4-12-12-12h-28c-6.6 0-12 5.4-12 12v344.8l-77.5-80.7c-4.7-4.8-12.4-4.9-17.1-.2l-19.6 19.6c-4.7 4.7-4.7 12.3 0 17l131.8 131.8c4.7 4.7 12.3 4.7 17 0l131.8-131.8c4.6-4.7 4.6-12.3-.1-17z\"/></svg>",
        "viewBox": [
          "0",
          "0",
          "320",
          "512"
        ],
        "width": 320,
        "height": 512,
        "path": "M300.3 327.5l-19.6-19.6c-4.8-4.8-12.5-4.7-17.1.2L186 388.8V44c0-6.6-5.4-12-12-12h-28c-6.6 0-12 5.4-12 12v344.8l-77.5-80.7c-4.7-4.8-12.4-4.9-17.1-.2l-19.6 19.6c-4.7 4.7-4.7 12.3 0 17l131.8 131.8c4.7 4.7 12.3 4.7 17 0l131.8-131.8c4.6-4.7 4.6-12.3-.1-17z"
      }
    },
    "free": []
  },
  "long-arrow-up": {
    "changes": [
      "3.2",
      "5.0.0"
    ],
    "ligatures": [],
    "search": {
      "terms": [
        "long-arrow-up",
        "upload"
      ]
    },
    "styles": [
      "regular"
    ],
    "unicode": "f176",
    "label": "Long Arrow Up",
    "voted": false,
    "svg": {
      "regular": {
        "last_modified": 1546440861000,
        "raw": "<svg xmlns=\"http://www.w3.org/2000/svg\" viewBox=\"0 0 320 512\"><path d=\"M19.716 184.485l19.626 19.626c4.753 4.753 12.484 4.675 17.14-.173L134 123.22V468c0 6.627 5.373 12 12 12h28c6.627 0 12-5.373 12-12V123.22l77.518 80.717c4.656 4.849 12.387 4.927 17.14.173l19.626-19.626c4.686-4.686 4.686-12.284 0-16.971L168.485 35.716c-4.686-4.686-12.284-4.686-16.971 0L19.716 167.515c-4.686 4.686-4.686 12.284 0 16.97z\"/></svg>",
        "viewBox": [
          "0",
          "0",
          "320",
          "512"
        ],
        "width": 320,
        "height": 512,
        "path": "M19.716 184.485l19.626 19.626c4.753 4.753 12.484 4.675 17.14-.173L134 123.22V468c0 6.627 5.373 12 12 12h28c6.627 0 12-5.373 12-12V123.22l77.518 80.717c4.656 4.849 12.387 4.927 17.14.173l19.626-19.626c4.686-4.686 4.686-12.284 0-16.971L168.485 35.716c-4.686-4.686-12.284-4.686-16.971 0L19.716 167.515c-4.686 4.686-4.686 12.284 0 16.97z"
      }
    },
    "free": []
  },
  "plus": {
    "changes": [
      "1",
      "5.0.0",
      "5.0.13"
    ],
    "ligatures": [],
    "search": {
      "terms": [
        "add",
        "create",
        "expand",
        "new",
        "positive",
        "shape"
      ]
    },
    "styles": [
      "solid"
    ],
    "unicode": "f067",
    "label": "plus",
    "voted": false,
    "svg": {
      "solid": {
        "last_modified": 1546440861000,
        "raw": "<svg xmlns=\"http://www.w3.org/2000/svg\" viewBox=\"0 0 448 512\"><path d=\"M416 208H272V64c0-17.67-14.33-32-32-32h-32c-17.67 0-32 14.33-32 32v144H32c-17.67 0-32 14.33-32 32v32c0 17.67 14.33 32 32 32h144v144c0 17.67 14.33 32 32 32h32c17.67 0 32-14.33 32-32V304h144c17.67 0 32-14.33 32-32v-32c0-17.67-14.33-32-32-32z\"/></svg>",
        "viewBox": [
          "0",
          "0",
          "448",
          "512"
        ],
        "width": 448,
        "height": 512,
        "path": "M416 208H272V64c0-17.67-14.33-32-32-32h-32c-17.67 0-32 14.33-32 32v144H32c-17.67 0-32 14.33-32 32v32c0 17.67 14.33 32 32 32h144v144c0 17.67 14.33 32 32 32h32c17.67 0 32-14.33 32-32V304h144c17.67 0 32-14.33 32-32v-32c0-17.67-14.33-32-32-32z"
      }
    },
    "free": [
      "solid"
    ]
  },
  "pound-sign": {
    "changes": [
      "3.2",
      "5.0.0"
    ],
    "ligatures": [],
    "search": {
      "terms": [
        "currency",
        "gbp",
        "money"
      ]
    },
    "styles": [
      "solid"
    ],
    "unicode": "f154",
    "label": "Pound Sign",
    "voted": false,
    "svg": {
      "solid": {
        "last_modified": 1546440861000,
        "raw": "<svg xmlns=\"http://www.w3.org/2000/svg\" viewBox=\"0 0 320 512\"><path d=\"M308 352h-45.495c-6.627 0-12 5.373-12 12v50.848H128V288h84c6.627 0 12-5.373 12-12v-40c0-6.627-5.373-12-12-12h-84v-63.556c0-32.266 24.562-57.086 61.792-57.086 23.658 0 45.878 11.505 57.652 18.849 5.151 3.213 11.888 2.051 15.688-2.685l28.493-35.513c4.233-5.276 3.279-13.005-2.119-17.081C273.124 54.56 236.576 32 187.931 32 106.026 32 48 84.742 48 157.961V224H20c-6.627 0-12 5.373-12 12v40c0 6.627 5.373 12 12 12h28v128H12c-6.627 0-12 5.373-12 12v40c0 6.627 5.373 12 12 12h296c6.627 0 12-5.373 12-12V364c0-6.627-5.373-12-12-12z\"/></svg>",
        "viewBox": [
          "0",
          "0",
          "320",
          "512"
        ],
        "width": 320,
        "height": 512,
        "path": "M308 352h-45.495c-6.627 0-12 5.373-12 12v50.848H128V288h84c6.627 0 12-5.373 12-12v-40c0-6.627-5.373-12-12-12h-84v-63.556c0-32.266 24.562-57.086 61.792-57.086 23.658 0 45.878 11.505 57.652 18.849 5.151 3.213 11.888 2.051 15.688-2.685l28.493-35.513c4.233-5.276 3.279-13.005-2.119-17.081C273.124 54.56 236.576 32 187.931 32 106.026 32 48 84.742 48 157.961V224H20c-6.627 0-12 5.373-12 12v40c0 6.627 5.373 12 12 12h28v128H12c-6.627 0-12 5.373-12 12v40c0 6.627 5.373 12 12 12h296c6.627 0 12-5.373 12-12V364c0-6.627-5.373-12-12-12z"
      }
    },
    "free": [
      "solid"
    ]
  },
  "print": {
    "changes": [
      "1",
      "5.0.0",
      "5.3.0",
      "5.11.0"
    ],
    "ligatures": [],
    "search": {
      "terms": [
        "business",
        "copy",
        "document",
        "office",
        "paper"
      ]
    },
    "styles": [
      "duotone"
    ],
    "unicode": "f02f",
    "label": "print",
    "voted": false,
    "svg": {
      "duotone": {
        "last_modified": 1568845464000,
        "raw": "<svg xmlns=\"http://www.w3.org/2000/svg\" viewBox=\"0 0 512 512\"><defs><style>.fa-secondary{opacity:.4}</style></defs><path d=\"M64 480a32 32 0 0 0 32 32h320a32 32 0 0 0 32-32v-96H64zM368 96a16 16 0 0 1-16-16V0H96a32 32 0 0 0-32 32v192h384V96z\" class=\"fa-secondary\"/><path d=\"M368 96h80v-4.58a17.92 17.92 0 0 0-5.25-12.67l-73.43-73.5A18 18 0 0 0 356.57 0H352v80a16 16 0 0 0 16 16zm80 96v32H64v-32a64 64 0 0 0-64 64v112a16 16 0 0 0 16 16h480a16 16 0 0 0 16-16V256a64 64 0 0 0-64-64zm-16 136a24 24 0 1 1 24-24 24 24 0 0 1-24 24z\" class=\"fa-primary\"/></svg>",
        "viewBox": [
          "0",
          "0",
          "512",
          "512"
        ],
        "width": 512,
        "height": 512,
        "path": [
          "M64 480a32 32 0 0 0 32 32h320a32 32 0 0 0 32-32v-96H64zM368 96a16 16 0 0 1-16-16V0H96a32 32 0 0 0-32 32v192h384V96z",
          "M368 96h80v-4.58a17.92 17.92 0 0 0-5.25-12.67l-73.43-73.5A18 18 0 0 0 356.57 0H352v80a16 16 0 0 0 16 16zm80 96v32H64v-32a64 64 0 0 0-64 64v112a16 16 0 0 0 16 16h480a16 16 0 0 0 16-16V256a64 64 0 0 0-64-64zm-16 136a24 24 0 1 1 24-24 24 24 0 0 1-24 24z"
        ]
      }
    },
    "free": [
      "solid"
    ]
  },
  "sack": {
    "changes": [
      "5.7.0",
      "5.10.2"
    ],
    "ligatures": [],
    "search": {
      "terms": [
        "bag",
        "burlap",
        "money",
        "santa"
      ]
    },
    "styles": [
      "duotone"
    ],
    "unicode": "f81c",
    "label": "Sack",
    "voted": false,
    "svg": {
      "duotone": {
        "last_modified": 1568845464000,
        "raw": "<svg xmlns=\"http://www.w3.org/2000/svg\" viewBox=\"0 0 512 512\"><defs><style>.fa-secondary{opacity:.4}</style></defs><path d=\"M192 96h128l47.4-71.12A16 16 0 0 0 354.09 0H157.94a16 16 0 0 0-13.31 24.88zm128 32H192C-10.38 243.4.09 396.64.09 416c0 53 49.11 96 109.68 96h292.48c60.58 0 109.68-43 109.68-96 0-19 9.35-173.24-191.93-288z\" class=\"fa-secondary\"/><path d=\"M337 104v16a8 8 0 0 1-8 8H183a8 8 0 0 1-8-8v-16a8 8 0 0 1 8-8h146a8 8 0 0 1 8 8z\" class=\"fa-primary\"/></svg>",
        "viewBox": [
          "0",
          "0",
          "512",
          "512"
        ],
        "width": 512,
        "height": 512,
        "path": [
          "M192 96h128l47.4-71.12A16 16 0 0 0 354.09 0H157.94a16 16 0 0 0-13.31 24.88zm128 32H192C-10.38 243.4.09 396.64.09 416c0 53 49.11 96 109.68 96h292.48c60.58 0 109.68-43 109.68-96 0-19 9.35-173.24-191.93-288z",
          "M337 104v16a8 8 0 0 1-8 8H183a8 8 0 0 1-8-8v-16a8 8 0 0 1 8-8h146a8 8 0 0 1 8 8z"
        ]
      }
    },
    "free": []
  },
  "slash": {
    "changes": [
      "5.4.0"
    ],
    "ligatures": [],
    "search": {
      "terms": [
        "cancel",
        "close",
        "mute",
        "off",
        "stop",
        "x"
      ]
    },
    "styles": [
      "solid",
      "duotone"
    ],
    "unicode": "f715",
    "label": "Slash",
    "voted": true,
    "svg": {
      "solid": {
        "last_modified": 1546440861000,
        "raw": "<svg xmlns=\"http://www.w3.org/2000/svg\" viewBox=\"0 0 640 512\"><path d=\"M594.53 508.63L6.18 53.9c-6.97-5.42-8.23-15.47-2.81-22.45L23.01 6.18C28.43-.8 38.49-2.06 45.47 3.37L633.82 458.1c6.97 5.42 8.23 15.47 2.81 22.45l-19.64 25.27c-5.42 6.98-15.48 8.23-22.46 2.81z\"/></svg>",
        "viewBox": [
          "0",
          "0",
          "640",
          "512"
        ],
        "width": 640,
        "height": 512,
        "path": "M594.53 508.63L6.18 53.9c-6.97-5.42-8.23-15.47-2.81-22.45L23.01 6.18C28.43-.8 38.49-2.06 45.47 3.37L633.82 458.1c6.97 5.42 8.23 15.47 2.81 22.45l-19.64 25.27c-5.42 6.98-15.48 8.23-22.46 2.81z"
      },
      "duotone": {
        "last_modified": 1568845464000,
        "raw": "<svg xmlns=\"http://www.w3.org/2000/svg\" viewBox=\"0 0 640 512\"><defs><style>.fa-secondary{opacity:.4}</style></defs><path d=\"M636.63 480.55L617 505.82a16 16 0 0 1-22.46 2.81L6.18 53.9a16 16 0 0 1-2.81-22.45L23 6.18a16 16 0 0 1 22.47-2.81L633.82 458.1a16 16 0 0 1 2.81 22.45z\" class=\"fa-secondary\"/></svg>",
        "viewBox": [
          "0",
          "0",
          "640",
          "512"
        ],
        "width": 640,
        "height": 512,
        "path": [
          "M636.63 480.55L617 505.82a16 16 0 0 1-22.46 2.81L6.18 53.9a16 16 0 0 1-2.81-22.45L23 6.18a16 16 0 0 1 22.47-2.81L633.82 458.1a16 16 0 0 1 2.81 22.45z",
          ""
        ]
      }
    },
    "free": [
      "solid"
    ]
  },
  "spinner": {
    "changes": [
      "3",
      "5.0.0",
      "5.10.2"
    ],
    "ligatures": [],
    "search": {
      "terms": [
        "circle",
        "loading",
        "progress"
      ]
    },
    "styles": [
      "duotone"
    ],
    "unicode": "f110",
    "label": "Spinner",
    "voted": false,
    "svg": {
      "duotone": {
        "last_modified": 1568845464000,
        "raw": "<svg xmlns=\"http://www.w3.org/2000/svg\" viewBox=\"0 0 512 512\"><defs><style>.fa-secondary{opacity:.4}</style></defs><path d=\"M108.92 355.08a48 48 0 1 0 48 48 48 48 0 0 0-48-48zM256 416a48 48 0 1 0 48 48 48 48 0 0 0-48-48zm208-208a48 48 0 1 0 48 48 48 48 0 0 0-48-48zm-60.92 147.08a48 48 0 1 0 48 48 48 48 0 0 0-48-48zm0-198.16a48 48 0 1 0-48-48 48 48 0 0 0 48 48z\" class=\"fa-secondary\"/><path d=\"M108.92 60.92a48 48 0 1 0 48 48 48 48 0 0 0-48-48zM48 208a48 48 0 1 0 48 48 48 48 0 0 0-48-48zM256 0a48 48 0 1 0 48 48 48 48 0 0 0-48-48z\" class=\"fa-primary\"/></svg>",
        "viewBox": [
          "0",
          "0",
          "512",
          "512"
        ],
        "width": 512,
        "height": 512,
        "path": [
          "M108.92 355.08a48 48 0 1 0 48 48 48 48 0 0 0-48-48zM256 416a48 48 0 1 0 48 48 48 48 0 0 0-48-48zm208-208a48 48 0 1 0 48 48 48 48 0 0 0-48-48zm-60.92 147.08a48 48 0 1 0 48 48 48 48 0 0 0-48-48zm0-198.16a48 48 0 1 0-48-48 48 48 0 0 0 48 48z",
          "M108.92 60.92a48 48 0 1 0 48 48 48 48 0 0 0-48-48zM48 208a48 48 0 1 0 48 48 48 48 0 0 0-48-48zM256 0a48 48 0 1 0 48 48 48 48 0 0 0-48-48z"
        ]
      }
    },
    "free": [
      "solid"
    ]
  },
  "spinner-third": {
    "changes": [
      "5.0.0",
      "5.10.2"
    ],
    "ligatures": [],
    "search": {
      "terms": [
        "circle",
        "loading",
        "progress"
      ]
    },
    "styles": [
      "duotone"
    ],
    "unicode": "f3f4",
    "label": "Spinner Third",
    "voted": false,
    "svg": {
      "duotone": {
        "last_modified": 1568845464000,
        "raw": "<svg xmlns=\"http://www.w3.org/2000/svg\" viewBox=\"0 0 512 512\"><defs><style>.fa-secondary{opacity:.4}</style></defs><path d=\"M478.71 364.58zm-22 6.11l-27.83-15.9a15.92 15.92 0 0 1-6.94-19.2A184 184 0 1 1 256 72c5.89 0 11.71.29 17.46.83-.74-.07-1.48-.15-2.23-.21-8.49-.69-15.23-7.31-15.23-15.83v-32a16 16 0 0 1 15.34-16C266.24 8.46 261.18 8 256 8 119 8 8 119 8 256s111 248 248 248c98 0 182.42-56.95 222.71-139.42-4.13 7.86-14.23 10.55-22 6.11z\" class=\"fa-secondary\"/><path d=\"M271.23 72.62c-8.49-.69-15.23-7.31-15.23-15.83V24.73c0-9.11 7.67-16.78 16.77-16.17C401.92 17.18 504 124.67 504 256a246 246 0 0 1-25 108.24c-4 8.17-14.37 11-22.26 6.45l-27.84-15.9c-7.41-4.23-9.83-13.35-6.2-21.07A182.53 182.53 0 0 0 440 256c0-96.49-74.27-175.63-168.77-183.38z\" class=\"fa-primary\"/></svg>",
        "viewBox": [
          "0",
          "0",
          "512",
          "512"
        ],
        "width": 512,
        "height": 512,
        "path": [
          "M478.71 364.58zm-22 6.11l-27.83-15.9a15.92 15.92 0 0 1-6.94-19.2A184 184 0 1 1 256 72c5.89 0 11.71.29 17.46.83-.74-.07-1.48-.15-2.23-.21-8.49-.69-15.23-7.31-15.23-15.83v-32a16 16 0 0 1 15.34-16C266.24 8.46 261.18 8 256 8 119 8 8 119 8 256s111 248 248 248c98 0 182.42-56.95 222.71-139.42-4.13 7.86-14.23 10.55-22 6.11z",
          "M271.23 72.62c-8.49-.69-15.23-7.31-15.23-15.83V24.73c0-9.11 7.67-16.78 16.77-16.17C401.92 17.18 504 124.67 504 256a246 246 0 0 1-25 108.24c-4 8.17-14.37 11-22.26 6.45l-27.84-15.9c-7.41-4.23-9.83-13.35-6.2-21.07A182.53 182.53 0 0 0 440 256c0-96.49-74.27-175.63-168.77-183.38z"
        ]
      }
    },
    "free": []
  },
  "square": {
    "changes": [
      "2",
      "5.0.0",
      "5.10.1",
      "5.10.2"
    ],
    "ligatures": [],
    "search": {
      "terms": [
        "block",
        "box",
        "shape"
      ]
    },
    "styles": [
      "regular"
    ],
    "unicode": "f0c8",
    "label": "Square",
    "voted": false,
    "svg": {
      "regular": {
        "last_modified": 1546440861000,
        "raw": "<svg xmlns=\"http://www.w3.org/2000/svg\" viewBox=\"0 0 448 512\"><path d=\"M400 32H48C21.5 32 0 53.5 0 80v352c0 26.5 21.5 48 48 48h352c26.5 0 48-21.5 48-48V80c0-26.5-21.5-48-48-48zm-6 400H54c-3.3 0-6-2.7-6-6V86c0-3.3 2.7-6 6-6h340c3.3 0 6 2.7 6 6v340c0 3.3-2.7 6-6 6z\"/></svg>",
        "viewBox": [
          "0",
          "0",
          "448",
          "512"
        ],
        "width": 448,
        "height": 512,
        "path": "M400 32H48C21.5 32 0 53.5 0 80v352c0 26.5 21.5 48 48 48h352c26.5 0 48-21.5 48-48V80c0-26.5-21.5-48-48-48zm-6 400H54c-3.3 0-6-2.7-6-6V86c0-3.3 2.7-6 6-6h340c3.3 0 6 2.7 6 6v340c0 3.3-2.7 6-6 6z"
      }
    },
    "free": [
      "solid",
      "regular"
    ]
  },
  "square-full": {
    "changes": [
      "5.0.5",
      "5.10.2"
    ],
    "ligatures": [],
    "search": {
      "terms": [
        "block",
        "box",
        "shape"
      ]
    },
    "styles": [
      "regular"
    ],
    "unicode": "f45c",
    "label": "Square Full",
    "voted": false,
    "svg": {
      "regular": {
        "last_modified": 1546440861000,
        "raw": "<svg xmlns=\"http://www.w3.org/2000/svg\" viewBox=\"0 0 512 512\"><path d=\"M0 0v512h512V0H0zm464 464H48V48h416v416z\"/></svg>",
        "viewBox": [
          "0",
          "0",
          "512",
          "512"
        ],
        "width": 512,
        "height": 512,
        "path": "M0 0v512h512V0H0zm464 464H48V48h416v416z"
      }
    },
    "free": [
      "solid"
    ]
  },
  "tenge": {
    "changes": [
      "5.6.0"
    ],
    "ligatures": [],
    "search": {
      "terms": [
        "currency",
        "kazakhstan",
        "money",
        "price"
      ]
    },
    "styles": [
      "solid"
    ],
    "unicode": "f7d7",
    "label": "Tenge",
    "voted": true,
    "svg": {
      "solid": {
        "last_modified": 1546440861000,
        "raw": "<svg xmlns=\"http://www.w3.org/2000/svg\" viewBox=\"0 0 384 512\"><path d=\"M372 160H12c-6.6 0-12 5.4-12 12v56c0 6.6 5.4 12 12 12h140v228c0 6.6 5.4 12 12 12h56c6.6 0 12-5.4 12-12V240h140c6.6 0 12-5.4 12-12v-56c0-6.6-5.4-12-12-12zm0-128H12C5.4 32 0 37.4 0 44v56c0 6.6 5.4 12 12 12h360c6.6 0 12-5.4 12-12V44c0-6.6-5.4-12-12-12z\"/></svg>",
        "viewBox": [
          "0",
          "0",
          "384",
          "512"
        ],
        "width": 384,
        "height": 512,
        "path": "M372 160H12c-6.6 0-12 5.4-12 12v56c0 6.6 5.4 12 12 12h140v228c0 6.6 5.4 12 12 12h56c6.6 0 12-5.4 12-12V240h140c6.6 0 12-5.4 12-12v-56c0-6.6-5.4-12-12-12zm0-128H12C5.4 32 0 37.4 0 44v56c0 6.6 5.4 12 12 12h360c6.6 0 12-5.4 12-12V44c0-6.6-5.4-12-12-12z"
      }
    },
    "free": [
      "solid"
    ]
  },
  "thumbs-down": {
    "changes": [
      "3.2",
      "5.0.0",
      "5.10.2"
    ],
    "ligatures": [],
    "search": {
      "terms": [
        "disagree",
        "disapprove",
        "dislike",
        "hand",
        "social",
        "thumbs-o-down"
      ]
    },
    "styles": [
      "duotone"
    ],
    "unicode": "f165",
    "label": "thumbs-down",
    "voted": false,
    "svg": {
      "duotone": {
        "last_modified": 1568845464000,
        "raw": "<svg xmlns=\"http://www.w3.org/2000/svg\" viewBox=\"0 0 512 512\"><defs><style>.fa-secondary{opacity:.4}</style></defs><path d=\"M512 277.9c-.16 30.35-26.16 58.1-59.55 58.1H350.72C358 364.34 384 388.13 384 430.55 384 504 336 512 312 512c-20.18 0-29.48-39.29-33.93-57.79-5.21-21.67-10.59-44.07-25.39-58.91-32.47-32.52-49.51-74-89.12-113.11a12 12 0 0 1-3.56-8.52V59.9a12 12 0 0 1 11.78-12c15.83-.29 36.7-9.08 52.66-16.17C256.19 17.6 295.71 0 344 0h2.85c42.78 0 93.36.41 113.77 29.74 8.39 12.05 10.45 27 6.15 44.63 16.31 17 25.06 48.86 16.38 74.76 17.55 23.43 19.15 56.13 9.31 79.46l.11.12C504.45 240.65 512.08 260 512 277.9z\" class=\"fa-secondary\"/><path d=\"M104 32H24A24 24 0 0 0 0 56v240a24 24 0 0 0 24 24h80a24 24 0 0 0 24-24V56a24 24 0 0 0-24-24zM64 280a24 24 0 1 1 24-24 24 24 0 0 1-24 24z\" class=\"fa-primary\"/></svg>",
        "viewBox": [
          "0",
          "0",
          "512",
          "512"
        ],
        "width": 512,
        "height": 512,
        "path": [
          "M512 277.9c-.16 30.35-26.16 58.1-59.55 58.1H350.72C358 364.34 384 388.13 384 430.55 384 504 336 512 312 512c-20.18 0-29.48-39.29-33.93-57.79-5.21-21.67-10.59-44.07-25.39-58.91-32.47-32.52-49.51-74-89.12-113.11a12 12 0 0 1-3.56-8.52V59.9a12 12 0 0 1 11.78-12c15.83-.29 36.7-9.08 52.66-16.17C256.19 17.6 295.71 0 344 0h2.85c42.78 0 93.36.41 113.77 29.74 8.39 12.05 10.45 27 6.15 44.63 16.31 17 25.06 48.86 16.38 74.76 17.55 23.43 19.15 56.13 9.31 79.46l.11.12C504.45 240.65 512.08 260 512 277.9z",
          "M104 32H24A24 24 0 0 0 0 56v240a24 24 0 0 0 24 24h80a24 24 0 0 0 24-24V56a24 24 0 0 0-24-24zM64 280a24 24 0 1 1 24-24 24 24 0 0 1-24 24z"
        ]
      }
    },
    "free": [
      "solid",
      "regular"
    ]
  },
  "thumbs-up": {
    "changes": [
      "3.2",
      "5.0.0",
      "5.10.2"
    ],
    "ligatures": [],
    "search": {
      "terms": [
        "agree",
        "approve",
        "favorite",
        "hand",
        "like",
        "ok",
        "okay",
        "social",
        "success",
        "thumbs-o-up",
        "yes",
        "you got it dude"
      ]
    },
    "styles": [
      "duotone"
    ],
    "unicode": "f164",
    "label": "thumbs-up",
    "voted": false,
    "svg": {
      "duotone": {
        "last_modified": 1568845464000,
        "raw": "<svg xmlns=\"http://www.w3.org/2000/svg\" viewBox=\"0 0 512 512\"><defs><style>.fa-secondary{opacity:.4}</style></defs><path d=\"M163.56 229.81c39.61-39.15 56.65-80.59 89.12-113.11 14.8-14.84 20.18-37.24 25.39-58.91C282.52 39.29 291.82 0 312 0c24 0 72 8 72 81.45 0 42.42-26 66.21-33.28 94.55h101.73c33.39 0 59.39 27.75 59.55 58.1.08 17.94-7.55 37.25-19.44 49.19l-.11.12c9.84 23.33 8.24 56-9.31 79.46 8.68 25.9-.07 57.71-16.38 74.76 4.3 17.6 2.24 32.58-6.15 44.63C440.2 511.59 389.62 512 346.84 512H344c-48.28 0-87.8-17.6-119.56-31.73-16-7.09-36.82-15.88-52.65-16.17a12 12 0 0 1-11.78-12V238.33a12 12 0 0 1 3.55-8.52z\" class=\"fa-secondary\"/><path d=\"M104 224H24a24 24 0 0 0-24 24v240a24 24 0 0 0 24 24h80a24 24 0 0 0 24-24V248a24 24 0 0 0-24-24zM64 472a24 24 0 1 1 24-24 24 24 0 0 1-24 24z\" class=\"fa-primary\"/></svg>",
        "viewBox": [
          "0",
          "0",
          "512",
          "512"
        ],
        "width": 512,
        "height": 512,
        "path": [
          "M163.56 229.81c39.61-39.15 56.65-80.59 89.12-113.11 14.8-14.84 20.18-37.24 25.39-58.91C282.52 39.29 291.82 0 312 0c24 0 72 8 72 81.45 0 42.42-26 66.21-33.28 94.55h101.73c33.39 0 59.39 27.75 59.55 58.1.08 17.94-7.55 37.25-19.44 49.19l-.11.12c9.84 23.33 8.24 56-9.31 79.46 8.68 25.9-.07 57.71-16.38 74.76 4.3 17.6 2.24 32.58-6.15 44.63C440.2 511.59 389.62 512 346.84 512H344c-48.28 0-87.8-17.6-119.56-31.73-16-7.09-36.82-15.88-52.65-16.17a12 12 0 0 1-11.78-12V238.33a12 12 0 0 1 3.55-8.52z",
          "M104 224H24a24 24 0 0 0-24 24v240a24 24 0 0 0 24 24h80a24 24 0 0 0 24-24V248a24 24 0 0 0-24-24zM64 472a24 24 0 1 1 24-24 24 24 0 0 1-24 24z"
        ]
      }
    },
    "free": [
      "solid",
      "regular"
    ]
  },
  "times": {
    "changes": [
      "1",
      "5.0.0",
      "5.0.13",
      "5.11.0",
      "5.11.1"
    ],
    "ligatures": [],
    "search": {
      "terms": [
        "close",
        "cross",
        "error",
        "exit",
        "incorrect",
        "notice",
        "notification",
        "notify",
        "problem",
        "wrong",
        "x"
      ]
    },
    "styles": [
      "solid"
    ],
    "unicode": "f00d",
    "label": "Times",
    "voted": false,
    "svg": {
      "solid": {
        "last_modified": 1546440861000,
        "raw": "<svg xmlns=\"http://www.w3.org/2000/svg\" viewBox=\"0 0 352 512\"><path d=\"M242.72 256l100.07-100.07c12.28-12.28 12.28-32.19 0-44.48l-22.24-22.24c-12.28-12.28-32.19-12.28-44.48 0L176 189.28 75.93 89.21c-12.28-12.28-32.19-12.28-44.48 0L9.21 111.45c-12.28 12.28-12.28 32.19 0 44.48L109.28 256 9.21 356.07c-12.28 12.28-12.28 32.19 0 44.48l22.24 22.24c12.28 12.28 32.2 12.28 44.48 0L176 322.72l100.07 100.07c12.28 12.28 32.2 12.28 44.48 0l22.24-22.24c12.28-12.28 12.28-32.19 0-44.48L242.72 256z\"/></svg>",
        "viewBox": [
          "0",
          "0",
          "352",
          "512"
        ],
        "width": 352,
        "height": 512,
        "path": "M242.72 256l100.07-100.07c12.28-12.28 12.28-32.19 0-44.48l-22.24-22.24c-12.28-12.28-32.19-12.28-44.48 0L176 189.28 75.93 89.21c-12.28-12.28-32.19-12.28-44.48 0L9.21 111.45c-12.28 12.28-12.28 32.19 0 44.48L109.28 256 9.21 356.07c-12.28 12.28-12.28 32.19 0 44.48l22.24 22.24c12.28 12.28 32.2 12.28 44.48 0L176 322.72l100.07 100.07c12.28 12.28 32.2 12.28 44.48 0l22.24-22.24c12.28-12.28 12.28-32.19 0-44.48L242.72 256z"
      }
    },
    "free": [
      "solid"
    ]
  },
  "tombstone": {
    "changes": [
      "5.4.0"
    ],
    "ligatures": [],
    "search": {
      "terms": [
        "cemetery",
        "cross",
        "dead",
        "death",
        "delete",
        "grave",
        "halloween",
        "holiday",
        "remove"
      ]
    },
    "styles": [
      "duotone"
    ],
    "unicode": "f720",
    "label": "Tombstone",
    "voted": false,
    "svg": {
      "duotone": {
        "last_modified": 1568845464000,
        "raw": "<svg xmlns=\"http://www.w3.org/2000/svg\" viewBox=\"0 0 512 512\"><defs><style>.fa-secondary{opacity:.4}</style></defs><path d=\"M448 192C448 86 362 0 256 0S64 86 64 192v224h384zm-96-8a16 16 0 0 1-16 16h-56v128a16 16 0 0 1-16 16h-16a16 16 0 0 1-16-16V200h-56a16 16 0 0 1-16-16v-16a16 16 0 0 1 16-16h56v-48a16 16 0 0 1 16-16h16a16 16 0 0 1 16 16v48h56a16 16 0 0 1 16 16z\" class=\"fa-secondary\"/><path d=\"M496 448H16a16 16 0 0 0-16 16v32a16 16 0 0 0 16 16h480a16 16 0 0 0 16-16v-32a16 16 0 0 0-16-16zM176 200h56v128a16 16 0 0 0 16 16h16a16 16 0 0 0 16-16V200h56a16 16 0 0 0 16-16v-16a16 16 0 0 0-16-16h-56v-48a16 16 0 0 0-16-16h-16a16 16 0 0 0-16 16v48h-56a16 16 0 0 0-16 16v16a16 16 0 0 0 16 16z\" class=\"fa-primary\"/></svg>",
        "viewBox": [
          "0",
          "0",
          "512",
          "512"
        ],
        "width": 512,
        "height": 512,
        "path": [
          "M448 192C448 86 362 0 256 0S64 86 64 192v224h384zm-96-8a16 16 0 0 1-16 16h-56v128a16 16 0 0 1-16 16h-16a16 16 0 0 1-16-16V200h-56a16 16 0 0 1-16-16v-16a16 16 0 0 1 16-16h56v-48a16 16 0 0 1 16-16h16a16 16 0 0 1 16 16v48h56a16 16 0 0 1 16 16z",
          "M496 448H16a16 16 0 0 0-16 16v32a16 16 0 0 0 16 16h480a16 16 0 0 0 16-16v-32a16 16 0 0 0-16-16zM176 200h56v128a16 16 0 0 0 16 16h16a16 16 0 0 0 16-16V200h56a16 16 0 0 0 16-16v-16a16 16 0 0 0-16-16h-56v-48a16 16 0 0 0-16-16h-16a16 16 0 0 0-16 16v48h-56a16 16 0 0 0-16 16v16a16 16 0 0 0 16 16z"
        ]
      }
    },
    "free": []
  },
  "tombstone-alt": {
    "changes": [
      "5.4.0"
    ],
    "ligatures": [],
    "search": {
      "terms": [
        "cemetery",
        "cross",
        "dead",
        "death",
        "delete",
        "grave",
        "halloween",
        "holiday",
        "remove"
      ]
    },
    "styles": [
      "duotone"
    ],
    "unicode": "f721",
    "label": "Alternate Tombstone",
    "voted": false,
    "svg": {
      "duotone": {
        "last_modified": 1568845464000,
        "raw": "<svg xmlns=\"http://www.w3.org/2000/svg\" viewBox=\"0 0 512 512\"><defs><style>.fa-secondary{opacity:.4}</style></defs><path d=\"M448 192v224H64V192C64 86 150 0 256 0s192 86 192 192z\" class=\"fa-secondary\"/><path d=\"M512 464v32a16 16 0 0 1-16 16H16a16 16 0 0 1-16-16v-32a16 16 0 0 1 16-16h480a16 16 0 0 1 16 16z\" class=\"fa-primary\"/></svg>",
        "viewBox": [
          "0",
          "0",
          "512",
          "512"
        ],
        "width": 512,
        "height": 512,
        "path": [
          "M448 192v224H64V192C64 86 150 0 256 0s192 86 192 192z",
          "M512 464v32a16 16 0 0 1-16 16H16a16 16 0 0 1-16-16v-32a16 16 0 0 1 16-16h480a16 16 0 0 1 16 16z"
        ]
      }
    },
    "free": []
  },
  "user": {
    "changes": [
      "1",
      "5.0.0",
      "5.0.3",
      "5.0.11"
    ],
    "ligatures": [],
    "search": {
      "terms": [
        "account",
        "avatar",
        "head",
        "human",
        "man",
        "person",
        "profile"
      ]
    },
    "styles": [
      "duotone"
    ],
    "unicode": "f007",
    "label": "User",
    "voted": false,
    "svg": {
      "duotone": {
        "last_modified": 1568845464000,
        "raw": "<svg xmlns=\"http://www.w3.org/2000/svg\" viewBox=\"0 0 448 512\"><defs><style>.fa-secondary{opacity:.4}</style></defs><path d=\"M352 128A128 128 0 1 1 224 0a128 128 0 0 1 128 128z\" class=\"fa-secondary\"/><path d=\"M313.6 288h-16.7a174.1 174.1 0 0 1-145.8 0h-16.7A134.43 134.43 0 0 0 0 422.4V464a48 48 0 0 0 48 48h352a48 48 0 0 0 48-48v-41.6A134.43 134.43 0 0 0 313.6 288z\" class=\"fa-primary\"/></svg>",
        "viewBox": [
          "0",
          "0",
          "448",
          "512"
        ],
        "width": 448,
        "height": 512,
        "path": [
          "M352 128A128 128 0 1 1 224 0a128 128 0 0 1 128 128z",
          "M313.6 288h-16.7a174.1 174.1 0 0 1-145.8 0h-16.7A134.43 134.43 0 0 0 0 422.4V464a48 48 0 0 0 48 48h352a48 48 0 0 0 48-48v-41.6A134.43 134.43 0 0 0 313.6 288z"
        ]
      }
    },
    "free": [
      "solid",
      "regular"
    ]
  },
  "user-plus": {
    "changes": [
      "4.3",
      "5.0.0",
      "5.0.3",
      "5.0.11"
    ],
    "ligatures": [],
    "search": {
      "terms": [
        "add",
        "avatar",
        "positive",
        "sign up",
        "signup",
        "team"
      ]
    },
    "styles": [
      "solid"
    ],
    "unicode": "f234",
    "label": "User Plus",
    "voted": false,
    "svg": {
      "solid": {
        "last_modified": 1546440861000,
        "raw": "<svg xmlns=\"http://www.w3.org/2000/svg\" viewBox=\"0 0 640 512\"><path d=\"M624 208h-64v-64c0-8.8-7.2-16-16-16h-32c-8.8 0-16 7.2-16 16v64h-64c-8.8 0-16 7.2-16 16v32c0 8.8 7.2 16 16 16h64v64c0 8.8 7.2 16 16 16h32c8.8 0 16-7.2 16-16v-64h64c8.8 0 16-7.2 16-16v-32c0-8.8-7.2-16-16-16zm-400 48c70.7 0 128-57.3 128-128S294.7 0 224 0 96 57.3 96 128s57.3 128 128 128zm89.6 32h-16.7c-22.2 10.2-46.9 16-72.9 16s-50.6-5.8-72.9-16h-16.7C60.2 288 0 348.2 0 422.4V464c0 26.5 21.5 48 48 48h352c26.5 0 48-21.5 48-48v-41.6c0-74.2-60.2-134.4-134.4-134.4z\"/></svg>",
        "viewBox": [
          "0",
          "0",
          "640",
          "512"
        ],
        "width": 640,
        "height": 512,
        "path": "M624 208h-64v-64c0-8.8-7.2-16-16-16h-32c-8.8 0-16 7.2-16 16v64h-64c-8.8 0-16 7.2-16 16v32c0 8.8 7.2 16 16 16h64v64c0 8.8 7.2 16 16 16h32c8.8 0 16-7.2 16-16v-64h64c8.8 0 16-7.2 16-16v-32c0-8.8-7.2-16-16-16zm-400 48c70.7 0 128-57.3 128-128S294.7 0 224 0 96 57.3 96 128s57.3 128 128 128zm89.6 32h-16.7c-22.2 10.2-46.9 16-72.9 16s-50.6-5.8-72.9-16h-16.7C60.2 288 0 348.2 0 422.4V464c0 26.5 21.5 48 48 48h352c26.5 0 48-21.5 48-48v-41.6c0-74.2-60.2-134.4-134.4-134.4z"
      }
    },
    "free": [
      "solid"
    ]
  }
}